insert into user values
('1230000','Jessie', 'Chae', 'Ms', 'jchae@gmail.com', 'jchaepsw', 'enjoys reading', 'deactivated', 'basic', 0, '514-545-2356', null, null, 0, null), 
('1230001','Greg', 'Oden', 'Dr', 'goden@outlook.com', 'godenpsw', 'hoops nation', 'active', 'gold', 20, '514-577-6783', 'credit card', 'automatic', 20, '100'), 
('1230002','Megan', 'Edwards', 'Mrs', 'medwards@hotmail.com', 'medwardspsw', 'netflix is my life', 'active', 'prime', 10, '514-655-8763', 'checking account', 'automatic', 30, '200'), 
('1230003','Frank', 'Ma', 'Mr', 'fma@yahoo.com', 'fmapsw', 'love to learn new skills', 'active', 'prime', 10, '514-546-8764', 'credit card', 'manual', 50, '101'), 
('1230004','Jennifer', 'Carleton', 'Ms', 'jcarleton@yahoo.com', 'jcarletonpsw', 'D1 volleyball athlete', 'active', 'gold', 20, '514-722-4324', 'credit card', 'automatic', 60, '102'), 
('1230005','Elliott', 'Chan', 'Mr', 'echan@gmail.com', 'echanpsw', 'influencer/ig model/tiktoker',  'banned', 'basic', 0, 'contact_info5', null, null, 0, null), 
('1230006','Kelly', 'Lee', 'Ms', 'klee@outlook.com', 'kleepsw', 'travel the world', 'active', 'prime', 10, '514-578-2345', 'credit card', 'automatic', 70, '103'), 
('1230007','Kevin', 'Nguyen', 'Mr', 'knguyen@gmail.com', 'knguyenpsw', 'here for a good time not a long time', 'active', 'gold', 20, '514-123-3412', 'credit card', 'manual', 80, '104'), 
('1230008','Nick', 'Cho', 'Mr', 'ncho@yahoo.com', 'nchopsw', 'it is what it is', 'deactivated', 'basic', 0, '514-780-3450', null, null, 0, null), 
('1230009','Tommy', 'Ho', 'Mr', 'tho@hotmail.com', 'thopsw', 'knitting is my passion', 'active', 'basic', 0, '514-0603-6542', null, null, 0, null),
('3120000', 'Marcus', 'Tremblay', 'Mr', 'mtremblay@hotmail.com',  'mtremblaypsw', 'A big business starts small', 'active', 'gold', 100, '514-543-3335', 'checking account', 'automatic', 300, '201'),
('3120001', 'Lisa', 'Gagnon', 'Mrs', 'lgagnon@outlook.com',  'lgagnonpsw', 'Hello world', 'active', 'prime', 50, '514-450-3422', 'credit card', 'manual', 150, '105'),
('3120002', 'Alexa', 'Lavoie', 'Mrs', 'alavoie@yahoo.com',  'alavoiepsw', 'If opportunity doesn''t show, build a door', 'active', 'prime', 50, '514-657-7662', 'checking account', 'automatic', 250, '202'),
('3120003', 'Collin', 'Fortin', 'Mr', 'cfortin@hotmail.com',  'cfortinpsw', 'All progress takes place outside the comfort zone', 'active', 'prime', 50, '514-542-1212', 'checking account', 'automatic', 150, '205'),
('3120004', 'Danielle', 'Mora', 'Dr', 'dmora@gmail.com',  'dmorapsw', 'Opportunities don''t happen, you create them', 'deactivated', 'gold', 100, '514-233-3221', 'checking account', 'manual', 500, '206'),
('3120005', 'Aidan', 'Ramirez', 'Mr', 'aramirez@hotmail.com',  'aramirez', 'Follow your passion', 'active', 'gold', 100, '514-342-1231', 'credit card', 'automatic', 300, '108'),
('3120006', 'Angela', 'Lopez', 'Mrs', 'alopez@outlook.com',  'alopezpsw', 'Impossible is not a scientific term', 'active', 'gold', 100, '514-877-2329', 'checking account', 'automatic', 400, '203'),
('3120007', 'Johanson', 'Rivera', 'Mr', 'jrivera@hotmail.com',  'jriverapsw', 'CEO of 6 figure company', 'active', 'prime', 50, '514-459-2202', 'credit card', 'automatic', 350, '106'),
('3120008', 'Michelle', 'Miller', 'Mrs', 'mmiller@gmail.com',  'mmillerpsw', 'Do what excites', 'active', 'prime', 50, '514-342-3113', 'credit card', 'manual', 450, '107'),
('3120009', 'Sarah', 'Moore', 'Ms', 'mmoore@yahoo.com',  'mmoorepsw', 'Do what you enjoy and enjoy what you do', 'active', 'gold', 100, '514-452-4544', 'checking account', 'manual', 200, '204');

insert into creditCard values
('1230001', '100', '4002 2222 2222 2222', 'Greg Oden', '125 Oak', '710', '02/22'),
('1230001', '109', '4002 5472 2101 5402', 'Greg Oden', '125 Oak', '936', '08/23'),
('1230003', '101', '4002 9502 4362 0182', 'Frank Ma', '993 Cook', '373', '12/23'),
('1230004', '102', '4002 5815 9285 1524', 'Jennifer Carleton', '125 Park', '710', '09/23'),
('1230006', '103', '4002 1959 8529 0489', 'Kelly Lee', '235 Alder', '921', '05/21'),
('1230006', '110', '4002 1568 3425 2025', 'Kelly Lee', '235 Alder', '673', '12/22'),
('1230007', '104', '4002 9481 2312 1822', 'Kevin Nguyen', '583 Anderson', '283', '11/22'),
('3120001', '105', '4002 8481 1120 4993', 'Lisa Gagnon', '203 Spires', '564', '01/24'),
('3120001', '111', '4002 4561 9023 9407', 'Lisa Gagnon', '203 Spires', '462', '11/25'),
('3120005', '108', '4002 0543 4301 9923', 'Aidan Ramirez', '95 Foster', '874', '07/24'),
('3120007', '106', '4002 1048 3123 1931', 'Johanson Rivera', '64 Ackroyd', '123', '06/23'),
('3120008', '107', '4002 3303 3391 0930', 'Michelle Miller', '5 Pigott', '414', '02/24')
;

insert into void values
('1230001', '207', '2302', '9034', '4530', '125 Oak', 'Greg Oden'),
('1230002', '200', '3245', '6582', '2355', '2 Roslin', 'Megan Edwards'),
('1230004', '211', '9324', '4561', '0332', '125 Park', 'Jennifer Carleton'),
('3120000', '201', '9583', '1231', '8482', '547 Lauder', 'Marcus Tremblay'),
('3120002', '202', '5205', '5950', '9532', '232 Ursus', 'Alexa Lavoie'),
('3120002', '209', '5634', '0042', '0340', '232 Ursus', 'Alexa Lavoie'),
('3120003', '205', '5724', '5675', '5538', '35 Grilli', 'Collin Fortin'),
('3120003', '210', '0410', '2391', '5762', '35 Grilli', 'Collin Fortin'),
('3120004', '206', '1284', '9023', '5924', '98 Niagara', 'Danielle Mora'),
('3120006', '203', '6854', '5544', '5538', '62 Mahon', 'Angela Lopez'),
('3120008', '208', '5760', '6572', '1930', '5 Pigott', 'Michelle Miller'),
('3120009', '204', '3943', '1919', '9964', '48 St George', 'Sarah Moore');

insert into admin values
('9990000', 'Nancy', 'Yong', 'nyong@gmail.com', 'nyongpsw'),
('9990001', 'Sandy', 'Yan', 'syan@gmail.com', 'syanpsw'),
('9990002', 'Matthew', 'Hernandez', 'mhenandez@yahoo.com', 'nhernandezpsw'),
('9990003', 'Fred', 'Michaels', 'fmichaels@outlook.com', 'fmichaelspsw'),
('9990004', 'Jack', 'Lau', 'jlau@gmail.com', 'jlaugpsw'),
('9990005', 'Clara', 'Yong', 'cyong@hotmail.com', 'cyongpsw'),
('9990006', 'Alec', 'Trad', 'atrad@outlook.com', 'atradpsw'),
('9990007', 'Bianca', 'Smith', 'bsmith@gmail.com', 'bsmithpsw'), 
('9990008', 'Mario', 'Jones', 'mjones@yahoo.com', 'mjonespsw'),
('9990009', 'Ben', 'Johnson', 'bjohnson@gmail.com', 'bjohnsonpsw');

insert into employer values
('3120000', 7, 'unlimited', '5140000'),
('3120001', 2, '5', '5140001'),
('3120002', 3, '5', '5140002'),
('3120003', 0, '5', '5140003'),
('3120004', 0, 'unlimited', '5140004'),
('3120005', 0, 'unlimited', '5140005'),
('3120006', 2, 'unlimited', '5140006'),
('3120007', 4, '5', '5140007'),
('3120008', 0, '5', '5140008'),
('3120009', 1, 'unlimited', '5140009');

insert into jobSeeker values
('1230000', '0', 'resume0', 0),
('1230001', 'unlimited', 'resume1', 8),
('1230002', '5', 'resume2', 2),
('1230003', '5', 'resume3', 3),
('1230004', 'unlimited', 'resume4', 10),
('1230005', '0', 'resume5', 0),
('1230006', '5', 'resume6', 1),
('1230007', 'unlimited', 'resume7', 5),
('1230008', '0', 'resume8', 0),
('1230009', '0', 'resume9', 0);

insert into interests values
('1230000', 'Business'),
('1230000', 'Software Engineer'),
('1230001', 'Business'),
('1230002', 'Health Science'),
('1230002', 'Software Engineer'),
('1230003', 'Software Engineer'),
('1230004', 'Business'),
('1230005', 'Engineer'),
('1230006', 'Engineer'),
('1230007', 'Business'),
('1230007', 'Software Engineer'),
('1230008', 'Health Science'),
('1230009', 'Engineer');

insert into company values
('5140000', 'TD'),
('5140001', 'Google'),
('5140002', 'RBC'),
('5140003', 'Pfizer'),
('5140004', 'SAP'),
('5140005', 'Tesla'),
('5140006', 'Bombardier'),
('5140007', 'Apple'),
('5140008', 'Samsung'),
('5140009', 'Disney');

insert into jobs values
('4280000', 'Business', '12 Mackay', '5140000', 10, 'Accounting Clerk', 'description0', 'active', 2,0,3,'2020-1-1'),
('4280001', 'Business', '564 Guy', '5140000', 52, 'Social Media Influencer', 'description1', 'active', 2,0,1,'2020-2-26'),
('4280002', 'Business', '76 Penfield', '5140000', 87, 'Supply Chain Planner', 'description2', 'closed', 2,2,2,'2020-1-8'),
('4280003', 'Business', '12 Mackay', '5140000', 17, 'Financial Advisor', 'description3', 'active', 2,0,1,'2020-1-9'),
('4280004', 'Business', '88 Saint-Marc', '5140000', 3, 'Communications Coordinator', 'description4', 'active', 2,0,3,'2020-3-3'),
('4280005', 'Business', '794 Crescent', '5140000', 12, 'Health Economics Analyst', 'description5', 'active', 2,0,2,'2020-1-11'),
('4280006', 'Business', '96 Drummond', '5140000', 49, 'Program Coordinator',  'description6', 'active', 2,0,1,'2020-2-19'),
('4280007', 'Software engineer', '33 Stanley', '5140001', 23, 'Software Developer', 'description7', 'closed', 2,1,1,'2020-1-21'),
('4280008', 'Software Engineer', '564 Guy', '5140001', 64, 'Front-end Web Developer', 'description8', 'closed', 1,1,1,'2020-3-1'),
('4280009', 'Business', '7 Peel', '5140002', 21, 'Accountant', 'description9', 'active', 0,0,1,'2020-2-3'),
('4280010', 'Business', '7 Peel', '5140002', 12, 'Actuary', 'description10', 'active', 0,0,1,'2020-2-5'),
('4280011', 'Business', '18 Union', '5140002', 43, 'CPA', 'description11', 'active', 3,0,1,'2020-2-20'),
('4280012', 'Health Science', '33 Aylmer', '5140003', 10, 'Pharmacist', 'description12', 'active', 1,0,1,'2020-1-10'),
('4280013', 'Health Science', '33 Aylmer', '5140003', 8, 'Lab technician', 'description13', 'closed', 1,1,1,'2020-1-10'),
('4280014', 'Business', '82 Mansfield', '5140004', 17, 'Financial Analyst', 'description14', 'active', 2,0,1,'2020-3-2'),
('4280015', 'Business', '82 Mansfield', '5140004', 56, 'Marketing Graphics Designer', 'description15', 'active', 1,0,1,'2020-1-3'),
('4280016', 'Software Engineer', '714 Fort', '5140004', 17, 'Analyst Programmer', 'description16', 'active', 1,0,1,'2020-1-6'),
('4280017', 'Software Engineer', '732 Mackay', '5140004', 29, 'Web Developer', 'description17', 'active', 2,0,3,'2020-2-21'),
('4280018', 'Engineer', '629 Seymour', '5140005', 94, 'Mechanical Design Engineer', 'description18', 'active', 1,0,1,'2020-2-19');

insert into postJobs values
('3120000', '4280000'),
('3120000', '4280001'),
('3120000', '4280002'),
('3120000', '4280003'),
('3120000', '4280004'),
('3120000', '4280005'),
('3120000', '4280006'),
('3120001', '4280007'),
('3120001', '4280008'),
('3120002', '4280009'),
('3120002', '4280010'),
('3120002', '4280011'),
('3120006', '4280012'),
('3120006', '4280013'),
('3120007', '4280014'),
('3120007', '4280015'),
('3120007', '4280016'),
('3120007', '4280017'),
('3120009', '4280018');

insert into applyTo values
('1230001', '4280000', '2020-4-4', 'interviewing', 'coverLetter1', 'resume1'),
('1230001', '4280002', '2020-3-30', 'accepted', 'coverLetter1', 'resume1'),
('1230001', '4280003', '2020-5-14', 'rejected', 'coverLetter1', 'resume1'),
('1230001', '4280004', '2020-6-23', 'withdrawn', 'coverLetter1', 'resume1'),
('1230001', '4280005', '2020-7-2', 'interviewing', 'coverLetter1', 'resume1'),
('1230001', '4280006', '2020-4-25', 'rejected', 'coverLetter1', 'resume1'),
('1230001', '4280011', '2020-8-4', 'withdrawn', 'coverLetter1', 'resume1'),
('1230001', '4280014', '2020-4-14', 'withdrawn', 'coverLetter1', 'resume1'),
('1230002', '4280012', '2020-5-1', 'interviewing', 'coverLetter2', 'resume2'),
('1230002', '4280013', '2020-6-29', 'accepted', 'coverLetter2', 'resume2'),
('1230003', '4280007', '2020-4-16', 'accepted', 'coverLetter3', 'resume3'),
('1230003', '4280016', '2020-5-8', 'interviewing', 'coverLetter3', 'resume3'),
('1230003', '4280017', '2020-3-30', 'interviewing', 'coverLetter3', 'resume3'),
('1230004', '4280000', '2020-4-19', 'interviewing', 'coverLetter4', 'resume4'),
('1230004', '4280001', '2020-4-14', 'interviewing', 'coverLetter4', 'resume4'),
('1230004', '4280002', '2020-5-11', 'accepted', 'coverLetter4', 'resume4'),
('1230004', '4280003', '2020-6-1', 'withdrawn', 'coverLetter4', 'resume4'),
('1230004', '4280004', '2020-7-18', 'offering', 'coverLetter4', 'resume4'),
('1230004', '4280005', '2020-5-20', 'interviewing', 'coverLetter4', 'resume4'),
('1230004', '4280006', '2020-5-10', 'rejected', 'coverLetter4', 'resume4'),
('1230004', '4280011', '2020-6-10', 'withdrawn', 'coverLetter4', 'resume4'),
('1230004', '4280014', '2020-5-6', 'interviewing', 'coverLetter4', 'resume4'),
('1230004', '4280015', '2020-5-9', 'interviewing', 'coverLetter4', 'resume4'),
('1230006', '4280018', '2020-7-12', 'accepted', 'coverLetter6', 'resume6'),
('1230007', '4280001', '2020-8-4', 'interviewing', 'coverLetter7', 'resume7'),
('1230007', '4280007', '2020-8-1', 'rejected', 'coverLetter7', 'resume7'),
('1230007', '4280008', '2020-7-28', 'accepted', 'coverLetter7', 'resume7'),
('1230007', '4280011', '2020-6-4', 'withdrawn', 'coverLetter7', 'resume7'),
('1230007', '4280017', '2020-8-4', 'interviewing', 'coverLetter7', 'resume7');

insert into reviews values
('123000', '5140000', 'Great work environment and friendly co-workers'),
('123001', '5140001','Lots of team bonding events!!'),
('123001', '5140003','Everyone is so kind, I love working here!'),
('123001', '5140006','Could not have asked for a better place to work'),
('123002', '5140002','The team is really cooperative and fun to work with'),
('123003', '5140003','Very competitive work environment'),
('123004', '5140004','They give you unreasonable amounts of work'),
('123004', '5140004','Tons of events to bond with your team and meet people in the company'),
('123005', '5140005','Not worth the paycheck'),
('123006', '5140006','Awesome work space. Everyone is helpful and understanding'),
('123007', '5140007','Lots of networking events. 5-7 every week'),
('123008', '5140008','Best place for interns! You learn a lot of useful knowledge'),
('123008', '5140008','Best internship ever'),
('123009', '5140009','Employees look depressed working here'),
('123009', '5140009','Perfect place for new graduates, most employees are young and easy to get along with');

